title,url,category,publication_date,is_pdf
"AC, luftkylare och portabla fläktar",https://mellanarkiv-offentlig.vgregion.se/alfresco/s/archive/stream/public/v1/source/available/sofia/ssn11800-2140136717-547/surrogate,Uncategorized,Unknown,False
ADHD - utredning och behandling av vuxna,https://mellanarkiv-offentlig.vgregion.se/alfresco/s/archive/stream/public/v1/source/available/sofia/ssn11800-2140136717-400/surrogate,Uncategorized,Unknown,False
"Adhd – upptäckt, utredning och behandling hos barn och ungdomar",https://mellanarkiv-offentlig.vgregion.se/alfresco/s/archive/stream/public/v1/source/available/sofia/ssn11800-2140136717-829/surrogate,Uncategorized,Unknown,False
Aggressiva B-cellslymfom - regional tillämpning av Nationellt vårdprogram,https://mellanarkiv-offentlig.vgregion.se/alfresco/s/archive/stream/public/v1/source/available/sofia/ssn11800-2140136717-537/surrogate,Uncategorized,Unknown,False
Akne,https://mellanarkiv-offentlig.vgregion.se/alfresco/s/archive/stream/public/v1/source/available/sofia/ssn11800-2140136717-61/surrogate,Uncategorized,Unknown,False
Akut handläggning vid priapism,https://mellanarkiv-offentlig.vgregion.se/alfresco/s/archive/stream/public/v1/source/available/sofia/ssn12865-780821730-564/surrogate,Uncategorized,Unknown,False
Akut sjuka barn och ungdomar - stöd för bedömning och hänvisning,https://mellanarkiv-offentlig.vgregion.se/alfresco/s/archive/stream/public/v1/source/available/sofia/ssn12865-780821730-387/surrogate,Uncategorized,Unknown,False
Alkohol - Skadligt bruk och beroende,https://mellanarkiv-offentlig.vgregion.se/alfresco/s/archive/stream/public/v1/source/available/sofia/ssn11800-2140136717-182/surrogate,Uncategorized,Unknown,False
Amning,https://mellanarkiv-offentlig.vgregion.se/alfresco/s/archive/stream/public/v1/source/available/sofia/ssn11800-2140136717-804/surrogate,Uncategorized,Unknown,False
Ansvarsfördelning dietist i primärvård och specialistvård,https://mellanarkiv-offentlig.vgregion.se/alfresco/s/archive/stream/public/v1/source/available/sofia/ssn11800-2140136717-608/surrogate,Uncategorized,Unknown,False
Ansvarsfördelning för medicinskt omhändertagande av vuxna med medfödd funktionsnedsättning,https://mellanarkiv-offentlig.vgregion.se/alfresco/s/archive/stream/public/v1/source/available/sofia/ssn11800-2140136717-83/surrogate,Uncategorized,Unknown,False
Ansvarsfördelning mellan allmän- och specialisttandvård,https://mellanarkiv-offentlig.vgregion.se/alfresco/s/archive/stream/public/v1/source/available/sofia/ssn12865-780821730-80/surrogate,Uncategorized,Unknown,False
Ansvarsfördelning mellan allmänmedicin och barn- och ungdomsmedicin Icke akuta sjukdomstillstånd hos barn och unga,https://mellanarkiv-offentlig.vgregion.se/alfresco/s/archive/stream/public/v1/source/available/sofia/ssn12865-780821730-386/surrogate,Uncategorized,Unknown,False
Ansvarsfördelning mellan allmänmedicin och gynekologi,https://mellanarkiv-offentlig.vgregion.se/alfresco/s/archive/stream/public/v1/source/available/sofia/ssn11800-2140136717-117/surrogate,Uncategorized,Unknown,False
Ansvarsfördelning mellan allmänmedicin och specialistvård öron-näsa-hals (barn och vuxna),https://mellanarkiv-offentlig.vgregion.se/alfresco/s/archive/stream/public/v1/source/available/sofia/ssn11800-2140136717-237/surrogate,Uncategorized,Unknown,False
Ansvarsfördelning mellan dermatovenerologi och allmänmedicin,https://mellanarkiv-offentlig.vgregion.se/alfresco/s/archive/stream/public/v1/source/available/sofia/ssn12865-780821730-736/surrogate,Uncategorized,Unknown,False
Ansvarsfördelning mellan primärvård och neurologisk specialistsjukvård vuxna,https://mellanarkiv-offentlig.vgregion.se/alfresco/s/archive/stream/public/v1/source/available/sofia/ssn12865-780821730-140/surrogate,Uncategorized,Unknown,False
Ansvarsfördelning mellan primärvård och ortopedisk specialistvård,https://mellanarkiv-offentlig.vgregion.se/alfresco/s/archive/stream/public/v1/source/available/sofia/ssn12865-780821730-472/surrogate,Uncategorized,Unknown,False
Ansvarsfördelning mellan specialistpsykiatri specialistgynekologi och primärvård för gravida,https://mellanarkiv-offentlig.vgregion.se/alfresco/s/archive/stream/public/v1/source/available/sofia/ssn11800-2140136717-420/surrogate,Uncategorized,Unknown,False
Ansvarsfördelning och konsultationer mellan primärvård och barn- och ungdomspsykiatri avseende barn med psykisk ohälsa och eller psykiatriska tillstånd,https://mellanarkiv-offentlig.vgregion.se/alfresco/s/archive/stream/public/v1/source/available/sofia/ssn12865-780821730-829/surrogate,Uncategorized,Unknown,False
Ansvarsfördelning och konsultationer mellan primärvård och specialistpsykiatri (vuxna),https://mellanarkiv-offentlig.vgregion.se/alfresco/s/archive/stream/public/v1/source/available/sofia/ssn11800-2140136717-280/surrogate,Uncategorized,Unknown,False
"Ansvarsfördelning och samverkan mellan, barn- och ungdomsmedicin, barn- och ungdomspsykiatri samt barn- och ungdomshabilitering",https://mellanarkiv-offentlig.vgregion.se/alfresco/s/archive/stream/public/v1/source/available/sofia/ssn11800-2140136717-426/surrogate,Uncategorized,Unknown,False
Ansvarsfördelning vuxna med förvärvad hjärnskada och komplexa vårdbehov,https://mellanarkiv-offentlig.vgregion.se/alfresco/s/archive/stream/public/v1/source/available/sofia/ssn12865-780821730-138/surrogate,Uncategorized,Unknown,False
Antibiotikabehandling i tandvården,https://mellanarkiv-offentlig.vgregion.se/alfresco/s/archive/stream/public/v1/source/available/sofia/ssn11800-2140136717-434/surrogate,Uncategorized,Unknown,False
Antibiotikaprofylax i tandvården,https://mellanarkiv-offentlig.vgregion.se/alfresco/s/archive/stream/public/v1/source/available/sofia/ssn11800-2140136717-55/surrogate,Uncategorized,Unknown,False
"Antiemetika - administrering vid cytostatikabehandling, hematologi och onkologi vuxna",https://mellanarkiv-offentlig.vgregion.se/alfresco/s/archive/stream/public/v1/source/available/sofia/ssn11800-2140136717-429/surrogate,Uncategorized,Unknown,False
Antikoalgulantia vid förmaksflimmer,https://mellanarkiv-offentlig.vgregion.se/alfresco/s/archive/stream/public/v1/source/available/sofia/ssn11800-2140136717-766/surrogate,Uncategorized,Unknown,False
Aortastenos uppföljning,https://mellanarkiv-offentlig.vgregion.se/alfresco/s/archive/stream/public/v1/source/available/sofia/ssn12865-780821730-717/surrogate,Uncategorized,Unknown,False
Arkivera psykologiska test,https://mellanarkiv-offentlig.vgregion.se/alfresco/s/archive/stream/public/v1/source/available/sofia/ssn11800-2140136717-474/surrogate,Uncategorized,Unknown,False
Astma hos barn,https://mellanarkiv-offentlig.vgregion.se/alfresco/s/archive/stream/public/v1/source/available/sofia/ssn11800-2140136717-26/surrogate,Uncategorized,Unknown,False
Astma hos vuxna,https://mellanarkiv-offentlig.vgregion.se/alfresco/s/archive/stream/public/v1/source/available/sofia/ssn11800-2140136717-51/surrogate,Uncategorized,Unknown,False
Autism Spectrum Disorder (asd) hos barn och ungdomar,https://mellanarkiv-offentlig.vgregion.se/alfresco/s/archive/stream/public/v1/source/available/sofia/ssn11800-2140136717-448/surrogate,Uncategorized,Unknown,False
Autismspektrumtillstånd - utredning och insatser (vuxna),https://mellanarkiv-offentlig.vgregion.se/alfresco/s/archive/stream/public/v1/source/available/sofia/ssn11800-2140136717-380/surrogate,Uncategorized,Unknown,False
Axial spondylartrit,https://mellanarkiv-offentlig.vgregion.se/alfresco/s/archive/stream/public/v1/source/available/sofia/ssn12865-780821730-431/surrogate,Uncategorized,Unknown,False
Barn med penetrerande våld,https://mellanarkiv-offentlig.vgregion.se/alfresco/s/archive/stream/public/v1/source/available/sofia/ssn12865-780821730-235/surrogate,Uncategorized,Unknown,False
Barn och unga med tecken på psykisk ohälsa - omhändertagande inom vårdval vårdcentral och vårdval rehab,https://mellanarkiv-offentlig.vgregion.se/alfresco/s/archive/stream/public/v1/source/available/sofia/ssn11800-2140136717-730/surrogate,Uncategorized,Unknown,False
Barn som anhöriga,https://mellanarkiv-offentlig.vgregion.se/alfresco/s/archive/stream/public/v1/source/available/sofia/ssn12865-780821730-286/surrogate,Uncategorized,Unknown,False
Barn under 18 år som far illa eller riskerar att fara illa – indikationer och handläggning,https://mellanarkiv-offentlig.vgregion.se/alfresco/s/archive/stream/public/v1/source/available/sofia/ssn12865-780821730-750/surrogate,Uncategorized,Unknown,False
Barnsäkring av digitala invånartjänster,https://mellanarkiv-offentlig.vgregion.se/alfresco/s/archive/stream/public/v1/source/available/sofia/ssn11800-2140136717-29/surrogate,Uncategorized,Unknown,False
Barnsäkring av digitala vårdtjänster,https://mellanarkiv-offentlig.vgregion.se/alfresco/s/archive/stream/public/v1/source/available/sofia/ssn11800-2140136717-411/surrogate,Uncategorized,Unknown,False
BARNÖGON Bedömning vårdbegäran,https://mellanarkiv-offentlig.vgregion.se/alfresco/s/archive/stream/public/v1/source/available/sofia/ssn11800-2140136717-236/surrogate,Uncategorized,Unknown,False
BARNÖGON Intermittent exotropi,https://mellanarkiv-offentlig.vgregion.se/alfresco/s/archive/stream/public/v1/source/available/sofia/ssn11800-2140136717-405/surrogate,Uncategorized,Unknown,False
BARNÖGON Nedsatt färgsinne,https://mellanarkiv-offentlig.vgregion.se/alfresco/s/archive/stream/public/v1/source/available/sofia/ssn11800-2140136717-225/surrogate,Uncategorized,Unknown,False
BARNÖGON Remiss från BVC och Elevhälsa,https://mellanarkiv-offentlig.vgregion.se/alfresco/s/archive/stream/public/v1/source/available/sofia/ssn11800-2140136717-564/surrogate,Uncategorized,Unknown,False
BARNÖGON Synscreening på BVC - åtgärder vid olika synresultat,https://mellanarkiv-offentlig.vgregion.se/alfresco/s/archive/stream/public/v1/source/available/sofia/ssn11800-2140136717-565/surrogate,Uncategorized,Unknown,False
Basala hygienrutiner och klädregler,https://mellanarkiv-offentlig.vgregion.se/alfresco/s/archive/stream/public/v1/source/available/sofia/ssn11800-2140136717-241/surrogate,Uncategorized,Unknown,False
Basutredning inom vuxenpsykiatrin,https://mellanarkiv-offentlig.vgregion.se/alfresco/s/archive/stream/public/v1/source/available/sofia/ssn11800-2140136717-394/surrogate,Uncategorized,Unknown,False
Bensodiazepiner och bensodiazepinanaloger,https://mellanarkiv-offentlig.vgregion.se/alfresco/s/archive/stream/public/v1/source/available/sofia/ssn11800-2140136717-803/surrogate,Uncategorized,Unknown,False
Bipolär sjukdom,https://mellanarkiv-offentlig.vgregion.se/alfresco/s/archive/stream/public/v1/source/available/sofia/ssn11800-2140136717-291/surrogate,Uncategorized,Unknown,False
Bipolär sjukdom hos barn och ungdomar,https://mellanarkiv-offentlig.vgregion.se/alfresco/s/archive/stream/public/v1/source/available/sofia/ssn11800-2140136717-715/surrogate,Uncategorized,Unknown,False
Blåscancer - regional tillämpning av Nationellt vårdprogram,https://mellanarkiv-offentlig.vgregion.se/alfresco/s/archive/stream/public/v1/source/available/sofia/ssn11800-2140136717-634/surrogate,Uncategorized,Unknown,False
Borrelia,https://mellanarkiv-offentlig.vgregion.se/alfresco/s/archive/stream/public/v1/source/available/sofia/ssn11800-2140136717-133/surrogate,Uncategorized,Unknown,False
"Brukarstyrd inläggning, självskadebeteende",https://mellanarkiv-offentlig.vgregion.se/alfresco/s/archive/stream/public/v1/source/available/sofia/ssn11800-2140136717-793/surrogate,Uncategorized,Unknown,False
Bröstcancer - regional tillämpning av nationellt vårdprogram,https://mellanarkiv-offentlig.vgregion.se/alfresco/s/archive/stream/public/v1/source/available/sofia/ssn11800-2140136717-160/surrogate,Uncategorized,Unknown,False
"Bröstdiagnostik, Södra Älvsborgs Sjukhus (SÄS) - regional rutin under samexistensperioden",https://mellanarkiv-offentlig.vgregion.se/alfresco/s/archive/stream/public/v1/source/available/sofia/ssn14971-1865200826-89/surrogate,Uncategorized,Unknown,False
Buksarkom - regional tillämpning av Nationellt vårdprogram,https://mellanarkiv-offentlig.vgregion.se/alfresco/s/archive/stream/public/v1/source/available/sofia/ssn11800-2140136717-152/surrogate,Uncategorized,Unknown,False
Buktrauma - Barn,https://mellanarkiv-offentlig.vgregion.se/alfresco/s/archive/stream/public/v1/source/available/sofia/ssn12865-780821730-463/surrogate,Uncategorized,Unknown,False
Bäckenbottenbesvär efter förlossning,https://mellanarkiv-offentlig.vgregion.se/alfresco/s/archive/stream/public/v1/source/available/sofia/ssn12865-780821730-364/surrogate,Uncategorized,Unknown,False
Bäckensmärta vid graviditet,https://mellanarkiv-offentlig.vgregion.se/alfresco/s/archive/stream/public/v1/source/available/sofia/ssn12865-780821730-496/surrogate,Uncategorized,Unknown,False
Cancerrehabilitering - regional tillämpning av Nationellt vårdprogram,https://mellanarkiv-offentlig.vgregion.se/alfresco/s/archive/stream/public/v1/source/available/sofia/ssn11800-2140136717-276/surrogate,Uncategorized,Unknown,False
D-vitaminbrist,https://mellanarkiv-offentlig.vgregion.se/alfresco/s/archive/stream/public/v1/source/available/sofia/ssn11800-2140136717-112/surrogate,Uncategorized,Unknown,False
Demens,https://mellanarkiv-offentlig.vgregion.se/alfresco/s/archive/stream/public/v1/source/available/sofia/ssn11800-2140136717-40/surrogate,Uncategorized,Unknown,False
"Demenssjukdom, utredning och uppföljning",https://mellanarkiv-offentlig.vgregion.se/alfresco/s/archive/stream/public/v1/source/available/sofia/ssn11800-2140136717-653/surrogate,Uncategorized,Unknown,False
Depression,https://mellanarkiv-offentlig.vgregion.se/alfresco/s/archive/stream/public/v1/source/available/sofia/ssn11800-2140136717-190/surrogate,Uncategorized,Unknown,False
Depression hos barn och ungdomar,https://mellanarkiv-offentlig.vgregion.se/alfresco/s/archive/stream/public/v1/source/available/sofia/ssn11800-2140136717-549/surrogate,Uncategorized,Unknown,False
Diabetes - egenmätning av glukos,https://mellanarkiv-offentlig.vgregion.se/alfresco/s/archive/stream/public/v1/source/available/sofia/ssn12865-780821730-249/surrogate,Uncategorized,Unknown,False
Diabetes typ 2 (vuxna),https://mellanarkiv-offentlig.vgregion.se/alfresco/s/archive/stream/public/v1/source/available/sofia/ssn11800-2140136717-415/surrogate,Uncategorized,Unknown,False
Dokumenterad överenskommelse - Patientkontrakt inom hälso- och sjukvård,https://mellanarkiv-offentlig.vgregion.se/alfresco/s/archive/stream/public/v1/source/available/sofia/ssn12865-780821730-363/surrogate,Uncategorized,Unknown,False
Dödsfall utanför sjukvårdinrättning,https://mellanarkiv-offentlig.vgregion.se/alfresco/s/archive/stream/public/v1/source/available/sofia/ssn11800-2140136717-701/surrogate,Uncategorized,Unknown,False
Dödsfall utanför sjukvårdsinrättning - prehospital verksamhet,https://mellanarkiv-offentlig.vgregion.se/alfresco/s/archive/stream/public/v1/source/available/sofia/ssn12865-780821730-620/surrogate,Uncategorized,Unknown,False
ECT - elektro konvulsiv behandling,https://mellanarkiv-offentlig.vgregion.se/alfresco/s/archive/stream/public/v1/source/available/sofia/ssn12110-675548244-14/surrogate,Uncategorized,Unknown,False
Efterlevandestöd vid suicid,https://mellanarkiv-offentlig.vgregion.se/alfresco/s/archive/stream/public/v1/source/available/sofia/ssn11800-2140136717-391/surrogate,Uncategorized,Unknown,False
Egentillverkning av medicintekniska produkter,https://mellanarkiv-offentlig.vgregion.se/alfresco/s/archive/stream/public/v1/source/available/sofia/ssn12865-780821730-420/surrogate,Uncategorized,Unknown,False
ePed-instruktioner i Västra Götalandsregionen,https://mellanarkiv-offentlig.vgregion.se/alfresco/s/archive/stream/public/v1/source/available/sofia/ssn14971-1865200826-80/surrogate,Uncategorized,Unknown,False
Erytropoietin (EPO),https://mellanarkiv-offentlig.vgregion.se/alfresco/s/archive/stream/public/v1/source/available/sofia/ssn11800-2140136717-35/surrogate,Uncategorized,Unknown,False
Extern provtagning,https://mellanarkiv-offentlig.vgregion.se/alfresco/s/archive/stream/public/v1/source/available/sofia/ssn11800-2140136717-616/surrogate,Uncategorized,Unknown,False
Externa rehabiliteringsprogram,https://mellanarkiv-offentlig.vgregion.se/alfresco/s/archive/stream/public/v1/source/available/sofia/ssn11800-2140136717-85/surrogate,Uncategorized,Unknown,False
Framtagande av internetbaserade stöd- och behandlingsprogram,https://mellanarkiv-offentlig.vgregion.se/alfresco/s/archive/stream/public/v1/source/available/sofia/ssn11800-2140136717-563/surrogate,Uncategorized,Unknown,False
Fysioterapi vid axial spondylartrit,https://mellanarkiv-offentlig.vgregion.se/alfresco/s/archive/stream/public/v1/source/available/sofia/ssn12865-780821730-369/surrogate,Uncategorized,Unknown,False
Förskrivning av läkemedel till patient vid överföring mellan vårdenheter,https://mellanarkiv-offentlig.vgregion.se/alfresco/s/archive/stream/public/v1/source/available/sofia/ssn11800-2140136717-371/surrogate,Uncategorized,Unknown,False
Första besök och nybesöksutredning inom barn- och ungdomspsykiatrin,https://mellanarkiv-offentlig.vgregion.se/alfresco/s/archive/stream/public/v1/source/available/sofia/ssn11800-2140136717-438/surrogate,Uncategorized,Unknown,False
Förvaring av sterilt material vid hög luftfuktighet,https://mellanarkiv-offentlig.vgregion.se/alfresco/s/archive/stream/public/v1/source/available/sofia/ssn11800-2140136717-354/surrogate,Uncategorized,Unknown,False
Generella åtgärder mot smittspridning av virusorsakade luftvägsinfektioner inom vård och omsorg,https://mellanarkiv-offentlig.vgregion.se/alfresco/s/archive/stream/public/v1/source/available/sofia/ssn11800-2140136717-519/surrogate,Uncategorized,Unknown,False
Gikt,https://mellanarkiv-offentlig.vgregion.se/alfresco/s/archive/stream/public/v1/source/available/sofia/ssn11800-2140136717-232/surrogate,Uncategorized,Unknown,False
Glaukom - remisskriterier,https://mellanarkiv-offentlig.vgregion.se/alfresco/s/archive/stream/public/v1/source/available/sofia/ssn12865-780821730-19/surrogate,Uncategorized,Unknown,False
"Glaukom, handläggning vid misstänkt eller manifest",https://mellanarkiv-offentlig.vgregion.se/alfresco/s/archive/stream/public/v1/source/available/sofia/ssn12865-780821730-36/surrogate,Uncategorized,Unknown,False
"Graviditet, amning och jodkontrastmedel",https://mellanarkiv-offentlig.vgregion.se/alfresco/s/archive/stream/public/v1/source/available/sofia/ssn12865-780821730-318/surrogate,Uncategorized,Unknown,False
Grundläggande vårdhygieniska rutiner,https://mellanarkiv-offentlig.vgregion.se/alfresco/s/archive/stream/public/v1/source/available/sofia/ssn11800-2140136717-245/surrogate,Uncategorized,Unknown,False
Gynekologiska sarkom - regional tillämpning av Nationellt vårdprogram,https://mellanarkiv-offentlig.vgregion.se/alfresco/s/archive/stream/public/v1/source/available/sofia/ssn11859-696346978-296/surrogate,Uncategorized,Unknown,False
Handläggning av gravid som önskar och planerar förlossning utanför sjukhus,https://mellanarkiv-offentlig.vgregion.se/alfresco/s/archive/stream/public/v1/source/available/sofia/ssn12865-780821730-337/surrogate,Uncategorized,Unknown,False
Handläggning av multiresistenta bakterier (MRB),https://mellanarkiv-offentlig.vgregion.se/alfresco/s/archive/stream/public/v1/source/available/sofia/ssn11800-2140136717-510/surrogate,Uncategorized,Unknown,False
Handläggning vid akut omhändertagande vid våldtäkt och sexuella övergrepp,https://mellanarkiv-offentlig.vgregion.se/alfresco/s/archive/stream/public/v1/source/available/sofia/ssn12865-780821730-552/surrogate,Uncategorized,Unknown,False
Hedersrelaterat våld och förtryck,https://mellanarkiv-offentlig.vgregion.se/alfresco/s/archive/stream/public/v1/source/available/sofia/ssn12865-780821730-780/surrogate,Uncategorized,Unknown,False
Hjärtsvikt - Personcentrerat och Sammanhållet Vårdförlopp - Nydebuterad,https://mellanarkiv-offentlig.vgregion.se/alfresco/s/archive/stream/public/v1/source/available/sofia/ssn12865-780821730-218/surrogate,Uncategorized,Unknown,False
Hjärtsvikt med bevarad systolisk funktion (HFpEF),https://mellanarkiv-offentlig.vgregion.se/alfresco/s/archive/stream/public/v1/source/available/sofia/ssn11800-2140136717-443/surrogate,Uncategorized,Unknown,False
Hjärtsvikt med nedsatt systolisk funktion (HFrEF och HFmrEF),https://mellanarkiv-offentlig.vgregion.se/alfresco/s/archive/stream/public/v1/source/available/sofia/ssn11800-2140136717-713/surrogate,Uncategorized,Unknown,False
Hodgkins lymfom - regional tillämpning av Nationellt vårdprogram,https://mellanarkiv-offentlig.vgregion.se/alfresco/s/archive/stream/public/v1/source/available/sofia/ssn11800-2140136717-635/surrogate,Uncategorized,Unknown,False
Huvud- och halscancer - regional tillämpning av Nationellt vårdprogram,https://mellanarkiv-offentlig.vgregion.se/alfresco/s/archive/stream/public/v1/source/available/sofia/ssn11800-2140136717-311/surrogate,Uncategorized,Unknown,False
Hyperhidros - Behandling och uppföljning,https://mellanarkiv-offentlig.vgregion.se/alfresco/s/archive/stream/public/v1/source/available/sofia/ssn11800-2140136717-654/surrogate,Uncategorized,Unknown,False
Hypertoni,https://mellanarkiv-offentlig.vgregion.se/alfresco/s/archive/stream/public/v1/source/available/sofia/ssn11800-2140136717-287/surrogate,Uncategorized,Unknown,False
Hårborttagning vid hirsutism och könsdysfori,https://mellanarkiv-offentlig.vgregion.se/alfresco/s/archive/stream/public/v1/source/available/sofia/ssn12865-780821730-757/surrogate,Uncategorized,Unknown,False
Hälso- och sjukvårdens insatser för suicidnära personer som upptäckts inom Försäkringskassan,https://mellanarkiv-offentlig.vgregion.se/alfresco/s/archive/stream/public/v1/source/available/sofia/ssn11800-2140136717-192/surrogate,Uncategorized,Unknown,False
Hälsoundersökning på vårdcentralen av barn och unga som vårdas utanför det egna hemmet,https://mellanarkiv-offentlig.vgregion.se/alfresco/s/archive/stream/public/v1/source/available/sofia/ssn11800-2140136717-658/surrogate,Uncategorized,Unknown,False
IBS Irritable Bowel Syndrome,https://mellanarkiv-offentlig.vgregion.se/alfresco/s/archive/stream/public/v1/source/available/sofia/ssn11800-2140136717-444/surrogate,Uncategorized,Unknown,False
Icke Epiteliala Äggstockstumörer - regional tillämpning av Nationellt vårdprogram,https://mellanarkiv-offentlig.vgregion.se/alfresco/s/archive/stream/public/v1/source/available/sofia/ssn11800-2140136717-173/surrogate,Uncategorized,Unknown,False
Indolenta B-cellslymfom och hårcellsleukemi - regional tillämpning av Nationellt vårdprogram,https://mellanarkiv-offentlig.vgregion.se/alfresco/s/archive/stream/public/v1/source/available/sofia/ssn11800-2140136717-535/surrogate,Uncategorized,Unknown,False
Inflammatorik tarmsjukdom vuxna - tillämpning av personcentrerat sammanhållet vårdförlopp,https://mellanarkiv-offentlig.vgregion.se/alfresco/s/archive/stream/public/v1/source/available/sofia/ssn11800-2140136717-655/surrogate,Uncategorized,Unknown,False
Influensa,https://mellanarkiv-offentlig.vgregion.se/alfresco/s/archive/stream/public/v1/source/available/sofia/ssn11800-2140136717-246/surrogate,Uncategorized,Unknown,False
Insomni,https://mellanarkiv-offentlig.vgregion.se/alfresco/s/archive/stream/public/v1/source/available/sofia/ssn11800-2140136717-290/surrogate,Uncategorized,Unknown,False
Intellektuell funktionsnedsättning och svag teoretisk begåvning - utredning (vuxna),https://mellanarkiv-offentlig.vgregion.se/alfresco/s/archive/stream/public/v1/source/available/sofia/ssn11800-2140136717-285/surrogate,Uncategorized,Unknown,False
Intensivvårdstransporter i Västra götalandsregionen,https://mellanarkiv-offentlig.vgregion.se/alfresco/s/archive/stream/public/v1/source/available/sofia/ssn11800-2140136717-314/surrogate,Uncategorized,Unknown,False
Intern och extern överföring av patienter,https://mellanarkiv-offentlig.vgregion.se/alfresco/s/archive/stream/public/v1/source/available/sofia/osn11757-1980785390-19/surrogate,Uncategorized,Unknown,False
Internetförmedlad psykoterapeutisk behandling,https://mellanarkiv-offentlig.vgregion.se/alfresco/s/archive/stream/public/v1/source/available/sofia/ssn11800-2140136717-428/surrogate,Uncategorized,Unknown,False
Katarakt - Bilateral operation samma dag,https://mellanarkiv-offentlig.vgregion.se/alfresco/s/archive/stream/public/v1/source/available/sofia/ssn12865-780821730-40/surrogate,Uncategorized,Unknown,False
Katarakt Remiss från extern ögonläkare vid kataraktdiagnos,https://mellanarkiv-offentlig.vgregion.se/alfresco/s/archive/stream/public/v1/source/available/sofia/ssn12865-780821730-166/surrogate,Uncategorized,Unknown,False
Katarakt- och efterstarrmisstanke - optikerremiss,https://mellanarkiv-offentlig.vgregion.se/alfresco/s/archive/stream/public/v1/source/available/sofia/ssn12865-780821730-41/surrogate,Uncategorized,Unknown,False
Kataraktoperation med samtidig förekomst av diabetes mellitus,https://mellanarkiv-offentlig.vgregion.se/alfresco/s/archive/stream/public/v1/source/available/sofia/ssn11800-2140136717-787/surrogate,Uncategorized,Unknown,False
Ketonmätning i primärvården,https://mellanarkiv-offentlig.vgregion.se/alfresco/s/archive/stream/public/v1/source/available/sofia/ssn12865-780821730-830/surrogate,Uncategorized,Unknown,False
Klimakteriebehandling,https://mellanarkiv-offentlig.vgregion.se/alfresco/s/archive/stream/public/v1/source/available/sofia/ssn11800-2140136717-126/surrogate,Uncategorized,Unknown,False
KOL 1.0 - tillämpning av personcentrerat och sammanhållet vårdförlopp,https://mellanarkiv-offentlig.vgregion.se/alfresco/s/archive/stream/public/v1/source/available/sofia/ssn11800-2140136717-408/surrogate,Uncategorized,Unknown,False
"KOL, diagnostik och behandling",https://mellanarkiv-offentlig.vgregion.se/alfresco/s/archive/stream/public/v1/source/available/sofia/ssn11800-2140136717-439/surrogate,Uncategorized,Unknown,False
Kolonutredning efter akut kolondivertikulit (AKD),https://mellanarkiv-offentlig.vgregion.se/alfresco/s/archive/stream/public/v1/source/available/sofia/ssn12865-780821730-721/surrogate,Uncategorized,Unknown,False
Kompetensansvar avseende sjukvårdsprodukter,https://mellanarkiv-offentlig.vgregion.se/alfresco/s/archive/stream/public/v1/source/available/sofia/ssn12865-780821730-818/surrogate,Uncategorized,Unknown,False
Kompetenskrav för akutmottagningars traumateam,https://mellanarkiv-offentlig.vgregion.se/alfresco/s/archive/stream/public/v1/source/available/sofia/ssn12865-780821730-234/surrogate,Uncategorized,Unknown,False
Kontaktlinsvila innan biometrimätning,https://mellanarkiv-offentlig.vgregion.se/alfresco/s/archive/stream/public/v1/source/available/sofia/ssn11800-2140136717-758/surrogate,Uncategorized,Unknown,False
Kontaktsjuksköterskans rutin för aktiva överlämningar från regionsjukhusen i VG-region och Region Halland till SU,https://mellanarkiv-offentlig.vgregion.se/alfresco/s/archive/stream/public/v1/source/available/sofia/ssn11800-2140136717-771/surrogate,Uncategorized,Unknown,False
Kontaktsjuksköterskans rutin för aktiva överlämningar från SU  till regionsjukhusen i VG-region och Region Halland,https://mellanarkiv-offentlig.vgregion.se/alfresco/s/archive/stream/public/v1/source/available/sofia/ssn11800-2140136717-770/surrogate,Uncategorized,Unknown,False
Koordineringsinsatser för sjukskrivna patienter,https://mellanarkiv-offentlig.vgregion.se/alfresco/s/archive/stream/public/v1/source/available/sofia/ssn12865-780821730-392/surrogate,Uncategorized,Unknown,False
Kortvarig nociceptiv smärta hos vuxna,https://mellanarkiv-offentlig.vgregion.se/alfresco/s/archive/stream/public/v1/source/available/sofia/ssn11800-2140136717-105/surrogate,Uncategorized,Unknown,False
Kritisk benischemi – tillämpning av personcentrerat och sammanhållet vårdförlopp,https://mellanarkiv-offentlig.vgregion.se/alfresco/s/archive/stream/public/v1/source/available/sofia/ssn11800-2140136717-404/surrogate,Uncategorized,Unknown,False
Kronisk lymfatisk leukemi (KLL) - regional tillämpning av Nationellt vårdprogram,https://mellanarkiv-offentlig.vgregion.se/alfresco/s/archive/stream/public/v1/source/available/sofia/ssn11800-2140136717-536/surrogate,Uncategorized,Unknown,False
Könsdysfori - vuxna,https://mellanarkiv-offentlig.vgregion.se/alfresco/s/archive/stream/public/v1/source/available/sofia/ssn11800-2140136717-378/surrogate,Uncategorized,Unknown,False
Könsinkongruens och könsdysfori hos barn och ungdomar,https://mellanarkiv-offentlig.vgregion.se/alfresco/s/archive/stream/public/v1/source/available/sofia/ssn11800-2140136717-379/surrogate,Uncategorized,Unknown,False
Legionella,https://mellanarkiv-offentlig.vgregion.se/alfresco/s/archive/stream/public/v1/source/available/sofia/ssn11800-2140136717-247/surrogate,Uncategorized,Unknown,False
Lipidsänkande behandling vid kardiovaskulär prevention,https://mellanarkiv-offentlig.vgregion.se/alfresco/s/archive/stream/public/v1/source/available/sofia/ssn11800-2140136717-559/surrogate,Uncategorized,Unknown,False
Livmoderhals- och Vaginalcancer  - regional tillämpning av Nationellt vårdprogram,https://mellanarkiv-offentlig.vgregion.se/alfresco/s/archive/stream/public/v1/source/available/sofia/ssn11800-2140136717-364/surrogate,Uncategorized,Unknown,False
Livmoderhalscancerprevention - regional tillämpning av Nationellt vårdprogram,https://mellanarkiv-offentlig.vgregion.se/alfresco/s/archive/stream/public/v1/source/available/sofia/ssn11800-2140136717-162/surrogate,Uncategorized,Unknown,False
Livmoderkroppscancer - regional tillämpning av nationellt vårdprogram,https://mellanarkiv-offentlig.vgregion.se/alfresco/s/archive/stream/public/v1/source/available/sofia/ssn11800-2140136717-274/surrogate,Uncategorized,Unknown,False
Livsmedelshygien,https://mellanarkiv-offentlig.vgregion.se/alfresco/s/archive/stream/public/v1/source/available/sofia/ssn11800-2140136717-248/surrogate,Uncategorized,Unknown,False
Livsuppehållande behandling,https://mellanarkiv-offentlig.vgregion.se/alfresco/s/archive/stream/public/v1/source/available/sofia/ssn11800-2140136717-843/surrogate,Uncategorized,Unknown,False
Lungcancer - regional tillämpning av Nationellt vårdprogram,https://mellanarkiv-offentlig.vgregion.se/alfresco/s/archive/stream/public/v1/source/available/sofia/ssn11800-2140136717-361/surrogate,Uncategorized,Unknown,False
Långtidsuppföljning efter barncancer - regional tillämpning av Nationellt vårdprogram,https://mellanarkiv-offentlig.vgregion.se/alfresco/s/archive/stream/public/v1/source/available/sofia/ssn11859-696346978-298/surrogate,Uncategorized,Unknown,False
Läkemedel vid besök på vårdinrättning,https://mellanarkiv-offentlig.vgregion.se/alfresco/s/archive/stream/public/v1/source/available/sofia/ssn11800-2140136717-556/surrogate,Uncategorized,Unknown,False
Läkemedelsassisterad behandling vid opioidberoende (LARO),https://mellanarkiv-offentlig.vgregion.se/alfresco/s/archive/stream/public/v1/source/available/sofia/ssn11800-2140136717-777/surrogate,Uncategorized,Unknown,False
Läkemedelsgenomgång och läkemedelsberättelse,https://mellanarkiv-offentlig.vgregion.se/alfresco/s/archive/stream/public/v1/source/available/sofia/ssn11800-2140136717-231/surrogate,Uncategorized,Unknown,False
Mammografiscreening och radiologisk bröstdiagnostik  - regional medicinsk riktlinje,https://mellanarkiv-offentlig.vgregion.se/alfresco/s/archive/stream/public/v1/source/available/sofia/ssn11800-2140136717-234/surrogate,Uncategorized,Unknown,False
Mantelcellslymfom - regional tillämpning av Nationellt vårdprogram,https://mellanarkiv-offentlig.vgregion.se/alfresco/s/archive/stream/public/v1/source/available/sofia/ssn11800-2140136717-562/surrogate,Uncategorized,Unknown,False
Massivt transfusionsprotokoll (MTP) för barn,https://mellanarkiv-offentlig.vgregion.se/alfresco/s/archive/stream/public/v1/source/available/sofia/ssn12865-780821730-236/surrogate,Uncategorized,Unknown,False
Massivt transfusionsprotokoll (MTP) för vuxna,https://mellanarkiv-offentlig.vgregion.se/alfresco/s/archive/stream/public/v1/source/available/sofia/ssn12865-780821730-238/surrogate,Uncategorized,Unknown,False
Melanom - regional tillämpning av Nationellt vårdprogram,https://mellanarkiv-offentlig.vgregion.se/alfresco/s/archive/stream/public/v1/source/available/sofia/ssn11800-2140136717-435/surrogate,Uncategorized,Unknown,False
Merkelcellscancer  - regional tillämpning av Nationellt vårdprogram,https://mellanarkiv-offentlig.vgregion.se/alfresco/s/archive/stream/public/v1/source/available/sofia/ssn11800-2140136717-321/surrogate,Uncategorized,Unknown,False
Migrän,https://mellanarkiv-offentlig.vgregion.se/alfresco/s/archive/stream/public/v1/source/available/sofia/ssn11800-2140136717-106/surrogate,Uncategorized,Unknown,False
MR Bröstkörtlar - regional medicinsk riktlinje,https://mellanarkiv-offentlig.vgregion.se/alfresco/s/archive/stream/public/v1/source/available/sofia/ssn11800-2140136717-325/surrogate,Uncategorized,Unknown,False
Myelom - regional tillämpning av Nationellt vårdprogram,https://mellanarkiv-offentlig.vgregion.se/alfresco/s/archive/stream/public/v1/source/available/sofia/ssn11800-2140136717-824/surrogate,Uncategorized,Unknown,False
Njurcancer - regional tillämpning av Nationellt vårdprogram,https://mellanarkiv-offentlig.vgregion.se/alfresco/s/archive/stream/public/v1/source/available/sofia/ssn11800-2140136717-763/surrogate,Uncategorized,Unknown,False
Odontologiskt omhändertagande vid behandling med antiresorptiva läkemedel,https://mellanarkiv-offentlig.vgregion.se/alfresco/s/archive/stream/public/v1/source/available/sofia/ssn11800-2140136717-767/surrogate,Uncategorized,Unknown,False
Opioider vid långvarig icke-cancerrelaterad smärta,https://mellanarkiv-offentlig.vgregion.se/alfresco/s/archive/stream/public/v1/source/available/sofia/ssn11800-2140136717-681/surrogate,Uncategorized,Unknown,False
Organiserad prostatacancertestning - Magnetkameraundersökning (MR) Regional rutin,https://mellanarkiv-offentlig.vgregion.se/alfresco/s/archive/stream/public/v1/source/available/sofia/ssn11800-2140136717-341/surrogate,Uncategorized,Unknown,False
Organiserad prostatacancertestning - Provtagning Regional rutin,https://mellanarkiv-offentlig.vgregion.se/alfresco/s/archive/stream/public/v1/source/available/sofia/ssn11800-2140136717-339/surrogate,Uncategorized,Unknown,False
Organiserad prostatacancertestning - regional medicinsk riktlinje,https://mellanarkiv-offentlig.vgregion.se/alfresco/s/archive/stream/public/v1/source/available/sofia/ssn11800-2140136717-359/surrogate,Uncategorized,Unknown,False
Organiserad prostatacancertestning - Utredning urologi Regional rutin,https://mellanarkiv-offentlig.vgregion.se/alfresco/s/archive/stream/public/v1/source/available/sofia/ssn11800-2140136717-340/surrogate,Uncategorized,Unknown,False
Osteoporos,https://mellanarkiv-offentlig.vgregion.se/alfresco/s/archive/stream/public/v1/source/available/sofia/ssn11800-2140136717-265/surrogate,Uncategorized,Unknown,False
Palliativ vård - regional tillämpning av Nationellt vårdprogram och Personcentrerat sammanhållet vårdförlopp,https://mellanarkiv-offentlig.vgregion.se/alfresco/s/archive/stream/public/v1/source/available/sofia/ssn11800-2140136717-826/surrogate,Uncategorized,Unknown,False
Peniscancer - regional tillämpning av Nationellt vårdprogram,https://mellanarkiv-offentlig.vgregion.se/alfresco/s/archive/stream/public/v1/source/available/sofia/ssn11800-2140136717-176/surrogate,Uncategorized,Unknown,False
Posttraumatiskt stresstillstånd och andra stressrelaterade tillstånd hos barn och unga,https://mellanarkiv-offentlig.vgregion.se/alfresco/s/archive/stream/public/v1/source/available/sofia/ssn11800-2140136717-433/surrogate,Uncategorized,Unknown,False
Potentiell organdonator från annat sjukhus än SU Sahlgrenska,https://mellanarkiv-offentlig.vgregion.se/alfresco/s/archive/stream/public/v1/source/available/sofia/ssn11800-2140136717-46/surrogate,Uncategorized,Unknown,False
Prehospital intensivvårdsbakjour,https://mellanarkiv-offentlig.vgregion.se/alfresco/s/archive/stream/public/v1/source/available/sofia/ssn11800-2140136717-440/surrogate,Uncategorized,Unknown,False
Processbeskrivning vid egentillverkning av medicintekniska produkter,https://mellanarkiv-offentlig.vgregion.se/alfresco/s/archive/stream/public/v1/source/available/sofia/ssn12865-780821730-421/surrogate,Uncategorized,Unknown,False
Prostatacancer - regional tillämpning av Nationellt vårdprogram,https://mellanarkiv-offentlig.vgregion.se/alfresco/s/archive/stream/public/v1/source/available/sofia/ssn11800-2140136717-365/surrogate,Uncategorized,Unknown,False
Protonpumpshämmare (PPI),https://mellanarkiv-offentlig.vgregion.se/alfresco/s/archive/stream/public/v1/source/available/sofia/ssn11800-2140136717-293/surrogate,Uncategorized,Unknown,False
Psoriasis,https://mellanarkiv-offentlig.vgregion.se/alfresco/s/archive/stream/public/v1/source/available/sofia/ssn11800-2140136717-292/surrogate,Uncategorized,Unknown,False
Psykisk ohälsa under graviditet och hos nyförlöst - handläggning på vårdcentral,https://mellanarkiv-offentlig.vgregion.se/alfresco/s/archive/stream/public/v1/source/available/sofia/ssn12865-780821730-600/surrogate,Uncategorized,Unknown,False
Psykos - Utredning och behandling,https://mellanarkiv-offentlig.vgregion.se/alfresco/s/archive/stream/public/v1/source/available/sofia/ssn11800-2140136717-402/surrogate,Uncategorized,Unknown,False
PTSD – posttraumatiskt stressyndrom & ASD - akut stressyndrom (vuxna),https://mellanarkiv-offentlig.vgregion.se/alfresco/s/archive/stream/public/v1/source/available/sofia/ssn11800-2140136717-714/surrogate,Uncategorized,Unknown,False
Regional riktlinje Barn och unga som medskapare i Västra Götalandsregionen,https://mellanarkiv-offentlig.vgregion.se/alfresco/s/archive/stream/public/v1/source/available/sofia/rs10135-794280002-32/surrogate,Uncategorized,Unknown,False
"Regional rutin - Cancerrehabilitering i samband med behandling av cancer i matstrupe, magsäck eller bukspottkörtel",https://mellanarkiv-offentlig.vgregion.se/alfresco/s/archive/stream/public/v1/source/available/sofia/ssn11800-2140136717-799/surrogate,Uncategorized,Unknown,False
Regional rutin för leveransplan,https://mellanarkiv-offentlig.vgregion.se/alfresco/s/archive/stream/public/v1/source/available/sofia/osn11757-1980785390-17/surrogate,Uncategorized,Unknown,False
Regional rutin för sms-påminnelser,https://mellanarkiv-offentlig.vgregion.se/alfresco/s/archive/stream/public/v1/source/available/sofia/osn11757-1980785390-16/surrogate,Uncategorized,Unknown,False
"Regional traumabakjour, handläggning av traumapatienter",https://mellanarkiv-offentlig.vgregion.se/alfresco/s/archive/stream/public/v1/source/available/sofia/ssn12865-780821730-242/surrogate,Uncategorized,Unknown,False
Regional ögonbakjour för länssjukvård,https://mellanarkiv-offentlig.vgregion.se/alfresco/s/archive/stream/public/v1/source/available/sofia/ssn11800-2140136717-707/surrogate,Uncategorized,Unknown,False
Registrering av koder och orsaker i ELVIS vid utredning och behandling inom barn- och ungdomspsykiatri,https://mellanarkiv-offentlig.vgregion.se/alfresco/s/archive/stream/public/v1/source/available/sofia/ssn11800-2140136717-555/surrogate,Uncategorized,Unknown,False
Registrering av koder och orsaker i ELVIS vid utredning och behandling inom specialistpsykiatrisk vuxenpsykiatri,https://mellanarkiv-offentlig.vgregion.se/alfresco/s/archive/stream/public/v1/source/available/sofia/ssn11800-2140136717-477/surrogate,Uncategorized,Unknown,False
Registrering och dokumentation vid behov av tvångsåtgärd,https://mellanarkiv-offentlig.vgregion.se/alfresco/s/archive/stream/public/v1/source/available/sofia/ssn11800-2140136717-442/surrogate,Uncategorized,Unknown,False
Remiss inom hälso- och sjukvård,https://mellanarkiv-offentlig.vgregion.se/alfresco/s/archive/stream/public/v1/source/available/sofia/ssn11800-2140136717-81/surrogate,Uncategorized,Unknown,False
Remissregler för bild- och funktionsmedicin,https://mellanarkiv-offentlig.vgregion.se/alfresco/s/archive/stream/public/v1/source/available/sofia/ssn11800-2140136717-38/surrogate,Uncategorized,Unknown,False
Rengöring av andningshjälpmedel i hemmet,https://mellanarkiv-offentlig.vgregion.se/alfresco/s/archive/stream/public/v1/source/available/sofia/ssn11800-2140136717-249/surrogate,Uncategorized,Unknown,False
Repetitiv Transkraniell Magnetstimulering (rTMS),https://mellanarkiv-offentlig.vgregion.se/alfresco/s/archive/stream/public/v1/source/available/sofia/ssn11800-2140136717-685/surrogate,Uncategorized,Unknown,False
Restless legs syndrome,https://mellanarkiv-offentlig.vgregion.se/alfresco/s/archive/stream/public/v1/source/available/sofia/ssn11800-2140136717-108/surrogate,Uncategorized,Unknown,False
"Reumatoid artrit, 0-12 månader - primärvårdsversion",https://mellanarkiv-offentlig.vgregion.se/alfresco/s/archive/stream/public/v1/source/available/sofia/ssn11800-2140136717-659/surrogate,Uncategorized,Unknown,False
RHD-genotypning av foster och antenatal RhD-profylax hos RhD-negativa gravida,https://mellanarkiv-offentlig.vgregion.se/alfresco/s/archive/stream/public/v1/source/available/sofia/ssn11800-2140136717-430/surrogate,Uncategorized,Unknown,False
RS-virus,https://mellanarkiv-offentlig.vgregion.se/alfresco/s/archive/stream/public/v1/source/available/sofia/ssn11800-2140136717-548/surrogate,Uncategorized,Unknown,False
Rutin för dokumentation av patientspecifika uppgifter,https://mellanarkiv-offentlig.vgregion.se/alfresco/s/archive/stream/public/v1/source/available/sofia/ssn12865-780821730-333/surrogate,Uncategorized,Unknown,False
Rutin för justering av bas- och tilläggsvolymer,https://mellanarkiv-offentlig.vgregion.se/alfresco/s/archive/stream/public/v1/source/available/sofia/osn11757-1980785390-46/surrogate,Uncategorized,Unknown,False
"Rättsmedicinska fall, spår- och godssäkring",https://mellanarkiv-offentlig.vgregion.se/alfresco/s/archive/stream/public/v1/source/available/sofia/ssn12865-780821730-237/surrogate,Uncategorized,Unknown,False
Rättspsykiatri samplanering med externa parter,https://mellanarkiv-offentlig.vgregion.se/alfresco/s/archive/stream/public/v1/source/available/sofia/ssn11800-2140136717-463/surrogate,Uncategorized,Unknown,False
Samhällsförvärvad bakteriell pneumoni hos barn,https://mellanarkiv-offentlig.vgregion.se/alfresco/s/archive/stream/public/v1/source/available/sofia/ssn11800-2140136717-144/surrogate,Uncategorized,Unknown,False
Samhällsförvärvad pneumoni hos vuxna,https://mellanarkiv-offentlig.vgregion.se/alfresco/s/archive/stream/public/v1/source/available/sofia/ssn11800-2140136717-296/surrogate,Uncategorized,Unknown,False
Schizofreni förstagångsinsjuknande - tillämpning av personcentrerat sammanhållet vårdförlopp,https://mellanarkiv-offentlig.vgregion.se/alfresco/s/archive/stream/public/v1/source/available/sofia/ssn11800-2140136717-270/surrogate,Uncategorized,Unknown,False
Sedering med midazolam inom tandvården,https://mellanarkiv-offentlig.vgregion.se/alfresco/s/archive/stream/public/v1/source/available/sofia/ssn11800-2140136717-504/surrogate,Uncategorized,Unknown,False
Självskadebeteende hos barn och unga,https://mellanarkiv-offentlig.vgregion.se/alfresco/s/archive/stream/public/v1/source/available/sofia/ssn11800-2140136717-388/surrogate,Uncategorized,Unknown,False
Självskadeproblematik i patientgruppen som söker primärvården,https://mellanarkiv-offentlig.vgregion.se/alfresco/s/archive/stream/public/v1/source/available/sofia/ssn11800-2140136717-450/surrogate,Uncategorized,Unknown,False
"Skabb - Utbrott på särskilt boende (äldre-, gruppboende)",https://mellanarkiv-offentlig.vgregion.se/alfresco/s/archive/stream/public/v1/source/available/sofia/ssn11800-2140136717-250/surrogate,Uncategorized,Unknown,False
Skelett- och mjukdelssarkom - regional tillämpning av Nationellt vårdprogram,https://mellanarkiv-offentlig.vgregion.se/alfresco/s/archive/stream/public/v1/source/available/sofia/ssn11800-2140136717-372/surrogate,Uncategorized,Unknown,False
Skivepitelcancer - regional tillämpning av Nationellt vårdprogram,https://mellanarkiv-offentlig.vgregion.se/alfresco/s/archive/stream/public/v1/source/available/sofia/ssn11800-2140136717-322/surrogate,Uncategorized,Unknown,False
Skyndsam karotiskirurgi vid symtomgivande karotisstenos,https://mellanarkiv-offentlig.vgregion.se/alfresco/s/archive/stream/public/v1/source/available/sofia/ssn11800-2140136717-109/surrogate,Uncategorized,Unknown,False
Sköldkörtelcancer - regional tillämpning av nationellt vårdprogram,https://mellanarkiv-offentlig.vgregion.se/alfresco/s/archive/stream/public/v1/source/available/sofia/ssn11800-2140136717-268/surrogate,Uncategorized,Unknown,False
Specialanpassade medicintekniska produkter,https://mellanarkiv-offentlig.vgregion.se/alfresco/s/archive/stream/public/v1/source/available/sofia/ssn12865-780821730-422/surrogate,Uncategorized,Unknown,False
Spelberoende – spel om pengar,https://mellanarkiv-offentlig.vgregion.se/alfresco/s/archive/stream/public/v1/source/available/sofia/ssn11800-2140136717-385/surrogate,Uncategorized,Unknown,False
Spinal rörelsebegränsning vid trauma,https://mellanarkiv-offentlig.vgregion.se/alfresco/s/archive/stream/public/v1/source/available/sofia/ssn12865-780821730-239/surrogate,Uncategorized,Unknown,False
Spädbarnsmisshandel,https://mellanarkiv-offentlig.vgregion.se/alfresco/s/archive/stream/public/v1/source/available/sofia/ssn11800-2140136717-700/surrogate,Uncategorized,Unknown,False
"Stressrelaterad psykisk ohälsa för vuxna, inklusive utmattningssyndrom (UMS)",https://mellanarkiv-offentlig.vgregion.se/alfresco/s/archive/stream/public/v1/source/available/sofia/ssn11800-2140136717-710/surrogate,Uncategorized,Unknown,False
Städning,https://mellanarkiv-offentlig.vgregion.se/alfresco/s/archive/stream/public/v1/source/available/sofia/ssn11800-2140136717-251/surrogate,Uncategorized,Unknown,False
Stöd till medarbetare vid patients suicid eller suicidförsök,https://mellanarkiv-offentlig.vgregion.se/alfresco/s/archive/stream/public/v1/source/available/sofia/ssn11800-2140136717-712/surrogate,Uncategorized,Unknown,False
"Substansbrukssyndrom – cannabis, centralstimulantia och opioider",https://mellanarkiv-offentlig.vgregion.se/alfresco/s/archive/stream/public/v1/source/available/sofia/ssn11800-2140136717-660/surrogate,Uncategorized,Unknown,False
Suicidalitet hos barn och ungdom – akut bedömning och handläggning,https://mellanarkiv-offentlig.vgregion.se/alfresco/s/archive/stream/public/v1/source/available/sofia/ssn11800-2140136717-552/surrogate,Uncategorized,Unknown,False
Suicidalitet hos vuxna – akut bedömning och handläggning,https://mellanarkiv-offentlig.vgregion.se/alfresco/s/archive/stream/public/v1/source/available/sofia/ssn11800-2140136717-551/surrogate,Uncategorized,Unknown,False
Svår psoriasis - kardiovaskulära riskfaktorer,https://mellanarkiv-offentlig.vgregion.se/alfresco/s/archive/stream/public/v1/source/available/sofia/ssn12865-780821730-731/surrogate,Uncategorized,Unknown,False
T-cellslymfom - regional tillämpning av Nationellt vårdprogram,https://mellanarkiv-offentlig.vgregion.se/alfresco/s/archive/stream/public/v1/source/available/sofia/ssn11800-2140136717-538/surrogate,Uncategorized,Unknown,False
Tandvård till asylsökande och personer som vistas i Sverige utan nödvändiga tillstånd,https://mellanarkiv-offentlig.vgregion.se/alfresco/s/archive/stream/public/v1/source/available/sofia/ssn12865-780821730-751/surrogate,Uncategorized,Unknown,False
Tandvård vid behandling med antikoagulantia och-eller trombocythämmare,https://mellanarkiv-offentlig.vgregion.se/alfresco/s/archive/stream/public/v1/source/available/sofia/ssn11800-2140136717-673/surrogate,Uncategorized,Unknown,False
Tarmsmitta,https://mellanarkiv-offentlig.vgregion.se/alfresco/s/archive/stream/public/v1/source/available/sofia/ssn11800-2140136717-252/surrogate,Uncategorized,Unknown,False
Testosteronbrist hos män,https://mellanarkiv-offentlig.vgregion.se/alfresco/s/archive/stream/public/v1/source/available/sofia/ssn11800-2140136717-116/surrogate,Uncategorized,Unknown,False
Tidig understödd utskrivning från sjukhus med rehabilitering i hemmet efter stroke,https://mellanarkiv-offentlig.vgregion.se/alfresco/s/archive/stream/public/v1/source/available/sofia/ssn12865-780821730-654/surrogate,Uncategorized,Unknown,False
Tillsynsgrader specialistpsykiatri,https://mellanarkiv-offentlig.vgregion.se/alfresco/s/archive/stream/public/v1/source/available/sofia/ssn11800-2140136717-603/surrogate,Uncategorized,Unknown,False
Tillämpning av Nationellt vårdprogram för gallblåse- och gallvägscancer,https://mellanarkiv-offentlig.vgregion.se/alfresco/s/archive/stream/public/v1/source/available/sofia/ssn11800-2140136717-163/surrogate,Uncategorized,Unknown,False
Tillämpning av Nationellt vårdprogram för Levercellscancer,https://mellanarkiv-offentlig.vgregion.se/alfresco/s/archive/stream/public/v1/source/available/sofia/ssn11800-2140136717-596/surrogate,Uncategorized,Unknown,False
Transport av traumapatient,https://mellanarkiv-offentlig.vgregion.se/alfresco/s/archive/stream/public/v1/source/available/sofia/ssn12865-780821730-240/surrogate,Uncategorized,Unknown,False
Trauma DT samt bilddiagnostik vid penetrerande trauma,https://mellanarkiv-offentlig.vgregion.se/alfresco/s/archive/stream/public/v1/source/available/sofia/ssn12865-780821730-241/surrogate,Uncategorized,Unknown,False
Traumasjukvårdssystemets definition och organisation,https://mellanarkiv-offentlig.vgregion.se/alfresco/s/archive/stream/public/v1/source/available/sofia/ssn12865-780821730-243/surrogate,Uncategorized,Unknown,False
Traumatiska amputationer av kroppsdelar ovan hand- och fotledsnivå,https://mellanarkiv-offentlig.vgregion.se/alfresco/s/archive/stream/public/v1/source/available/sofia/ssn12865-780821730-245/surrogate,Uncategorized,Unknown,False
Trombolys och trombektomi vid ischemisk stroke,https://mellanarkiv-offentlig.vgregion.se/alfresco/s/archive/stream/public/v1/source/available/sofia/ssn12865-780821730-414/surrogate,Uncategorized,Unknown,False
Tuberkulos – handläggning latent tuberkulos (LTBI),https://mellanarkiv-offentlig.vgregion.se/alfresco/s/archive/stream/public/v1/source/available/sofia/ssn12865-780821730-419/surrogate,Uncategorized,Unknown,False
"Tumörer i hjärna, ryggmärg och dess hinnor - regional tillämpning av Nationellt vårdprogram",https://mellanarkiv-offentlig.vgregion.se/alfresco/s/archive/stream/public/v1/source/available/sofia/ssn11800-2140136717-788/surrogate,Uncategorized,Unknown,False
Tvångssyndrom (OCD) och relaterade syndrom (vuxna),https://mellanarkiv-offentlig.vgregion.se/alfresco/s/archive/stream/public/v1/source/available/sofia/ssn11800-2140136717-682/surrogate,Uncategorized,Unknown,False
Tvångssyndrom (OCD) och relaterade syndrom hos barn och ungdomar,https://mellanarkiv-offentlig.vgregion.se/alfresco/s/archive/stream/public/v1/source/available/sofia/ssn11800-2140136717-711/surrogate,Uncategorized,Unknown,False
Tvätthantering,https://mellanarkiv-offentlig.vgregion.se/alfresco/s/archive/stream/public/v1/source/available/sofia/ssn11800-2140136717-253/surrogate,Uncategorized,Unknown,False
"Tyreoideasjukdom hos gravida och nyförlösta, handläggning i primärvården",https://mellanarkiv-offentlig.vgregion.se/alfresco/s/archive/stream/public/v1/source/available/sofia/ssn12865-780821730-399/surrogate,Uncategorized,Unknown,False
Upprepade missfall - handläggning,https://mellanarkiv-offentlig.vgregion.se/alfresco/s/archive/stream/public/v1/source/available/sofia/ssn12865-780821730-190/surrogate,Uncategorized,Unknown,False
Urininkontinens hos kvinnor,https://mellanarkiv-offentlig.vgregion.se/alfresco/s/archive/stream/public/v1/source/available/sofia/ssn12865-780821730-390/surrogate,Uncategorized,Unknown,False
Utredning och behandling vid misstänkt dyslexi hos vuxna,https://mellanarkiv-offentlig.vgregion.se/alfresco/s/archive/stream/public/v1/source/available/sofia/ssn11800-2140136717-387/surrogate,Uncategorized,Unknown,False
Venesectio på vårdcentral,https://mellanarkiv-offentlig.vgregion.se/alfresco/s/archive/stream/public/v1/source/available/sofia/ssn11800-2140136717-723/surrogate,Uncategorized,Unknown,False
Vitaminbrist B12 och eller folatbrist,https://mellanarkiv-offentlig.vgregion.se/alfresco/s/archive/stream/public/v1/source/available/sofia/ssn11800-2140136717-726/surrogate,Uncategorized,Unknown,False
Vulvacancer - regional tillämpning av Nationellt vårdprogram,https://mellanarkiv-offentlig.vgregion.se/alfresco/s/archive/stream/public/v1/source/available/sofia/ssn11800-2140136717-363/surrogate,Uncategorized,Unknown,False
Våld i nära relationer - indikationer och handläggning,https://mellanarkiv-offentlig.vgregion.se/alfresco/s/archive/stream/public/v1/source/available/sofia/ssn12865-780821730-730/surrogate,Uncategorized,Unknown,False
Vårdgaranti och valfrihet i vården 2024,https://mellanarkiv-offentlig.vgregion.se/alfresco/s/archive/stream/public/v1/source/available/sofia/osn11757-1980785390-10/surrogate,Uncategorized,Unknown,False
Vårdhygien Covid-19,https://mellanarkiv-offentlig.vgregion.se/alfresco/s/archive/stream/public/v1/source/available/sofia/ssn11800-2140136717-149/surrogate,Uncategorized,Unknown,False
Vårdintyg enligt Lag (19911128) om psykiatrisk tvångsvård (LPT) samt biträde av polis i Västra Götaland,https://mellanarkiv-offentlig.vgregion.se/alfresco/s/archive/stream/public/v1/source/available/sofia/ssn11800-2140136717-500/surrogate,Uncategorized,Unknown,False
Vårdplatskoordinering och samordning vårdplatser,https://mellanarkiv-offentlig.vgregion.se/alfresco/s/archive/stream/public/v1/source/available/sofia/ssn11800-2140136717-706/surrogate,Uncategorized,Unknown,False
Värmedesinfekterade och sterila produkter som används vid sårbehandling,https://mellanarkiv-offentlig.vgregion.se/alfresco/s/archive/stream/public/v1/source/available/sofia/ssn11800-2140136717-580/surrogate,Uncategorized,Unknown,False
Värmedesinfektion,https://mellanarkiv-offentlig.vgregion.se/alfresco/s/archive/stream/public/v1/source/available/sofia/ssn11800-2140136717-254/surrogate,Uncategorized,Unknown,False
Waldenströms Makroglobulinemi - regional tillämpning av Nationellt vårdprogram,https://mellanarkiv-offentlig.vgregion.se/alfresco/s/archive/stream/public/v1/source/available/sofia/ssn11800-2140136717-534/surrogate,Uncategorized,Unknown,False
Ångestsjukdomar,https://mellanarkiv-offentlig.vgregion.se/alfresco/s/archive/stream/public/v1/source/available/sofia/ssn11800-2140136717-698/surrogate,Uncategorized,Unknown,False
Ångestsyndrom hos barn och ungdomar,https://mellanarkiv-offentlig.vgregion.se/alfresco/s/archive/stream/public/v1/source/available/sofia/ssn11800-2140136717-720/surrogate,Uncategorized,Unknown,False
Årligt hälsosamtal och somatisk kontroll av patienter med långvarig psykisk sjukdom,https://mellanarkiv-offentlig.vgregion.se/alfresco/s/archive/stream/public/v1/source/available/sofia/ssn11800-2140136717-601/surrogate,Uncategorized,Unknown,False
Äggstockscancer epitelial  - regional tillämpning av Nationellt vårdprogram,https://mellanarkiv-offentlig.vgregion.se/alfresco/s/archive/stream/public/v1/source/available/sofia/ssn11800-2140136717-362/surrogate,Uncategorized,Unknown,False
Ätstörning,https://mellanarkiv-offentlig.vgregion.se/alfresco/s/archive/stream/public/v1/source/available/sofia/ssn11800-2140136717-316/surrogate,Uncategorized,Unknown,False
Öppenvårdsdos,https://mellanarkiv-offentlig.vgregion.se/alfresco/s/archive/stream/public/v1/source/available/sofia/ssn11800-2140136717-96/surrogate,Uncategorized,Unknown,False
Överflyttning av patienter mellan sjukhus,https://mellanarkiv-offentlig.vgregion.se/alfresco/s/archive/stream/public/v1/source/available/sofia/ssn11800-2140136717-97/surrogate,Uncategorized,Unknown,False
Överföring av medicinsk vård från barn- och ungdomshabilitering till vuxenvården,https://mellanarkiv-offentlig.vgregion.se/alfresco/s/archive/stream/public/v1/source/available/sofia/ssn11800-2140136717-629/surrogate,Uncategorized,Unknown,False
Övergång mellan barn- och ungdomspsykiatri och vuxenpsykiatri eller primärvård,https://mellanarkiv-offentlig.vgregion.se/alfresco/s/archive/stream/public/v1/source/available/sofia/ssn11800-2140136717-505/surrogate,Uncategorized,Unknown,False
Överrapportering Millennium,https://mellanarkiv-offentlig.vgregion.se/alfresco/s/archive/stream/public/v1/source/available/sofia/ssn14971-1865200826-18/surrogate,Uncategorized,Unknown,False
